2010-08-16,2075552926,177.54
2010-08-15,2073580250,177.33
2010-08-14,2073410798,177.31
2010-08-13,2073239290,177.29
2010-08-12,2075007342,177.43
2010-08-11,2076353898,177.65
2010-08-10,2076592531,177.90
2010-08-09,2075388301,177.90
2010-08-08,2070826649,177.47
2010-08-07,2070519316,177.45
2010-08-06,2070166421,177.43
2010-08-05,2068591393,177.29
2010-08-04,2066750535,177.24
2010-08-03,2061607106,177.08
2010-08-02,2057381551,176.73
2010-08-01,2041597938,175.95
2010-07-31,2041839664,176.02
2010-07-30,2044997157,176.91
2010-07-29,2043620670,176.54
2010-07-28,2044615604,176.68
2010-07-27,2036846134,176.18
2010-07-26,2035713780,176.11
2010-07-25,2034112332,176.17
2010-07-24,2034655966,176.17
2010-07-23,2033195659,176.03
2010-07-22,2031206260,175.80
2010-07-21,2028141366,175.32
2010-07-20,2027385257,175.36
2010-07-19,2028093281,175.46
2010-07-18,2015327161,174.99
2010-07-17,2015045033,174.98
2010-07-16,2014579520,174.87
2010-07-15,2014277526,174.85
2010-07-14,2024460671,174.61
2010-07-13,2021491558,174.23
2010-07-12,2018968262,174.00
2010-07-11,2013875874,173.74
2010-07-10,2013658250,173.72
2010-07-09,2013598734,173.77
2010-07-08,2010763152,173.51
2010-07-07,2010042835,173.34
2010-07-06,2020414099,173.74
2010-07-05,2019653969,173.76
2010-07-04,2019057301,173.72
2010-07-03,2018829835,173.71
2010-07-02,2018548727,173.79
2010-07-01,2019777497,173.67
2010-06-30,2028759533,173.84
2010-06-29,2030238823,174.00
2010-06-28,2034529333,174.39
2010-06-27,2019384015,173.47
2010-06-26,2019161733,173.45
2010-06-25,2019592598,173.66
2010-06-24,2017870063,173.95
2010-06-23,2017755580,173.99
2010-06-22,2015797765,173.83
2010-06-21,2019172187,174.22
2010-06-20,2021874090,174.27
2010-06-19,2021634300,174.25
2010-06-18,2021375924,174.23
2010-06-17,2016878952,173.85
2010-06-16,2017157825,173.90
2010-06-15,2018228133,173.99
2010-06-14,2027273726,173.87
2010-06-13,2038122468,174.43
2010-06-12,2038001859,174.43
2010-06-11,2037881245,174.43
2010-06-10,2037521055,174.36
2010-06-09,2036620600,174.22
2010-06-08,2035725482,174.25
2010-06-07,2035693041,174.30
2010-06-06,2034703579,174.29
2010-06-05,2034446524,174.27
2010-06-04,2032554348,174.24
2010-06-03,2032641512,174.43
2010-06-02,2031817247,174.36
2010-06-01,2027005018,173.68
2010-05-31,2026483613,173.56
2010-05-30,2027786648,173.73
2010-05-29,2027555413,173.72
2010-05-28,2027259426,173.70
2010-05-27,2026344655,174.15
2010-05-26,2019410203,173.42
2010-05-25,2011386086,172.42
2010-05-24,2015901852,173.12
2010-05-23,2029089044,174.14
2010-05-22,2027393684,174.07
2010-05-21,2027732370,174.20
2010-05-20,2025615839,174.04
2010-05-19,2033176305,174.74
2010-05-18,2042403901,175.86
2010-05-17,2040297342,175.74
2010-05-16,2051418008,176.15
2010-05-15,2051158418,176.13
2010-05-14,2050999346,176.11
2010-05-13,2056906763,176.92
2010-05-12,2053458358,177.26
2010-05-11,2046186935,176.48
2010-05-10,2082428060,179.43
2010-05-09,2070639608,177.70
2010-05-08,2070366144,177.68
2010-05-07,2071378954,177.97
2010-05-06,2086408834,179.73
2010-05-05,2090313802,180.06
2010-05-04,2095927540,181.23
2010-05-03,2118135856,183.40
2010-05-02,2118398338,183.42
2010-05-01,2118134267,183.40
2010-04-30,2118603840,183.56
2010-04-29,2120329481,183.67
2010-04-28,2115290991,183.21
2010-04-27,2117687873,183.75
2010-04-26,2122269190,184.28
2010-04-25,2119537287,183.75
2010-04-24,2119284643,183.73
2010-04-23,2119174779,183.73
2010-04-22,2118874224,183.64
2010-04-21,2121793198,183.93
2010-04-20,2122157909,184.04
2010-04-19,2120130694,183.69
2010-04-18,2120316781,184.02
2010-04-17,2120044449,184.01
2010-04-16,2120302401,184.06
2010-04-15,2124731263,184.43
2010-04-14,2138730849,184.43
2010-04-13,2129931345,183.99
2010-04-12,2146761941,184.36
2010-04-11,2145909477,184.30
2010-04-10,2145696416,184.28
2010-04-09,2145201818,184.25
2010-04-08,2143721082,183.86
2010-04-07,2147093664,184.14
2010-04-06,2147316812,184.16
2010-04-05,2137757287,183.93
2010-04-04,2137479713,184.06
2010-04-03,2137258037,184.04
2010-04-02,2137164912,184.03
2010-04-01,2136865126,183.97
2010-03-31,2132617073,183.73
2010-03-30,2133917462,183.73
2010-03-29,2130749441,183.38
2010-03-28,2124841837,183.04
2010-03-27,2124581981,183.02
2010-03-26,2124345546,183.00
2010-03-25,2145234296,183.06
2010-03-24,2122580325,181.28
2010-03-23,2123255876,181.35
2010-03-22,2122142532,181.37
2010-03-21,2122927441,181.48
2010-03-20,2122655832,181.46
2010-03-19,2122490062,181.44
2010-03-18,2122867218,181.70
2010-03-17,2125163021,181.93
2010-03-16,2119610295,181.48
2010-03-15,2117171381,181.28
2010-03-14,2126410176,181.34
2010-03-13,2126197192,181.32
2010-03-12,2125740592,181.28
2010-03-11,2123848079,180.97
2010-03-10,2122407885,180.97
2010-03-09,2081018256,178.49
2010-03-08,2074713191,178.21
2010-03-07,2074758484,178.19
2010-03-06,2074466133,178.17
2010-03-05,2074120010,178.15
2010-03-04,2070732060,177.74
2010-03-03,2073013484,177.99
2010-03-02,2068690744,177.27
2010-03-01,2069688653,177.25
2010-02-28,2072709899,177.14
2010-02-27,2072130028,177.11
2010-02-26,2071811861,177.09
2010-02-25,2067688416,176.65
2010-02-24,2080446290,177.23
2010-02-23,2080464788,177.50
2010-02-22,2097705366,178.23
2010-02-21,2098160136,178.03
2010-02-20,2097852620,178.02
2010-02-19,2101555456,178.00
2010-02-18,2094316774,178.16
2010-02-17,2090573320,177.82
2010-02-16,2088319276,177.64
2010-02-15,2077959169,176.37
2010-02-14,2115762909,176.80
2010-02-13,2115457941,176.78
2010-02-12,2115145535,176.76
2010-02-11,2116337499,177.02
2010-02-10,2115866910,176.88
2010-02-09,2115397225,177.04
2010-02-08,2109067947,176.56
2010-02-07,2108401494,176.41
2010-02-06,2108127947,176.39
2010-02-05,2110422299,176.44
2010-02-04,2118146071,177.27
2010-02-03,2121378858,178.43
2010-02-02,2110695504,178.45
2010-02-01,2107350535,177.90
2010-01-31,2106879558,178.08
2010-01-30,2107063384,178.10
2010-01-29,2107354325,178.10
2010-01-28,2107368313,178.22
2010-01-27,2105944849,178.17
2010-01-26,2104231778,178.62
2010-01-25,2116517267,178.72
2010-01-24,2124182523,178.92
2010-01-23,2124075054,178.92
2010-01-22,2123812797,178.90
2010-01-21,2125145503,178.99
2010-01-20,2128624437,179.48
2010-01-19,2128853883,180.11
2010-01-18,2127542362,179.96
2010-01-17,2109016806,178.69
2010-01-16,2108742009,178.68
2010-01-15,2119522811,178.60
2010-01-14,2181441521,178.41
2010-01-13,2179296724,178.10
2010-01-12,2173521961,177.73
2010-01-11,2186503648,178.48
2010-01-10,2175896913,177.65
2010-01-09,2173294791,177.95
2010-01-08,2172968267,177.93
2010-01-07,2170402278,177.60
2010-01-06,2169583145,177.63
2010-01-05,2170208520,177.56
2010-01-04,2166864809,177.22
2010-01-03,2159558198,176.32
2010-01-02,2159293969,176.31
2010-01-01,2159032938,176.29
2009-12-31,2159480219,176.39
2009-12-30,2171775617,175.78
2009-12-29,2146902041,175.88
2009-12-28,2100134664,175.85
2009-12-27,2105816646,175.66
2009-12-26,2105552988,175.64
2009-12-25,2105283489,175.62
2009-12-24,2148816355,175.62
2009-12-23,2145434368,175.32
2009-12-22,2132668685,174.30
2009-12-21,2133431686,174.71
2009-12-20,2126266028,174.45
2009-12-19,2118778842,174.09
2009-12-18,2118033481,174.03
2009-12-17,2113681048,173.79
2009-12-16,2121877278,174.51
2009-12-15,2115390840,173.86
2009-12-14,2127123234,173.76
2009-12-13,2119424635,174.09
2009-12-12,2119003188,174.06
2009-12-11,2119355828,174.18
2009-12-10,2117566397,174.00
2009-12-09,2116914348,173.79
2009-12-08,2119473246,174.04
2009-12-07,2171514020,174.72
2009-12-06,2129815881,174.35
2009-12-05,2129697624,174.34
2009-12-04,2129964651,174.35
2009-12-03,2128270938,174.39
2009-12-02,2126818464,174.46
2009-12-01,2126683094,174.27
2009-11-30,2122540265,174.13
2009-11-29,2156914561,173.62
2009-11-28,2157238877,173.66
2009-11-27,2156704147,173.62
2009-11-26,2112849236,172.93
2009-11-25,2116646755,173.71
2009-11-24,2113913658,173.61
2009-11-23,2123711049,173.97
2009-11-22,2089993978,171.81
2009-11-21,2089801600,171.81
2009-11-20,2090370704,171.83
2009-11-19,2090426330,171.91
2009-11-18,2100499458,173.00
2009-11-17,2100575318,172.80
2009-11-16,2100925503,172.74
2009-11-15,2075468882,171.03
2009-11-14,2075363005,171.02
2009-11-13,2075302254,171.02
2009-11-12,2076168777,171.20
2009-11-11,2078834102,171.50
2009-11-10,2077810771,171.46
2009-11-09,2079856160,171.70
2009-11-08,2090006981,171.50
2009-11-07,2085014490,171.50
2009-11-06,2085038497,171.50
2009-11-05,2083204255,171.15
2009-11-04,2073650712,170.76
2009-11-03,2056908643,170.12
2009-11-02,2060220117,170.30
2009-11-01,2067191849,170.85
2009-10-31,2067874537,170.99
2009-10-30,2027944242,170.99
2009-10-29,2024602529,170.78
2009-10-28,2026098323,170.94
2009-10-27,2063590071,170.83
2009-10-26,2066353927,171.59
2009-10-25,2050239341,170.56
2009-10-24,2049949673,170.55
2009-10-23,2050150845,170.63
2009-10-22,2055656070,171.22
2009-10-21,2047649397,171.49
2009-10-20,2029938259,171.37
2009-10-19,2025878790,170.96
2009-10-18,2003522038,169.50
2009-10-17,2003143488,169.47
2009-10-16,2004111269,169.48
2009-10-15,2004307008,169.59
2009-10-14,2002015544,169.16
2009-10-13,1997675137,168.15
2009-10-12,2001509117,168.37
2009-10-11,1992798242,167.47
2009-10-10,1992435403,167.44
2009-10-09,1991694098,167.30
2009-10-08,1991360258,167.25
2009-10-07,1996499880,167.82
2009-10-06,1987087210,167.86
2009-10-05,1974973883,166.03
2009-10-04,1971183558,165.75
2009-10-03,1971419858,165.77
2009-10-02,1971264930,165.77
2009-10-01,1969934224,166.94
2009-09-30,1970341502,167.12
2009-09-29,1959744487,166.74
2009-09-28,1965799933,166.74
2009-09-27,1954419633,166.02
2009-09-26,1954011264,165.99
2009-09-25,1953453562,165.92
2009-09-24,1952927132,166.16
2009-09-23,1952064051,166.41
2009-09-22,1950988159,166.29
2009-09-21,1942609364,165.35
2009-09-20,1931314455,165.05
2009-09-19,1930536374,164.98
2009-09-18,1930355881,164.97
2009-09-17,1912665307,165.04
2009-09-16,1907649253,165.07
2009-09-15,1903465104,164.66
2009-09-14,1914831676,164.23
2009-09-13,1900935708,163.43
2009-09-12,1900229637,163.38
2009-09-11,1899917761,163.35
2009-09-10,1893596822,162.31
2009-09-09,1882827399,161.77
2009-09-08,1879705632,161.30
2009-09-07,1872625708,160.61
2009-09-06,1870568739,159.99
2009-09-05,1870647874,160.01
2009-09-04,1869682039,159.81
2009-09-03,1867968265,159.62
2009-09-02,1863709008,158.97
2009-09-01,1871234959,159.69
2009-08-31,1861502211,159.04
2009-08-30,1858669221,158.66
2009-08-29,1858405393,158.64
2009-08-28,1858242991,158.62
2009-08-27,1852880727,157.84
2009-08-26,1855707466,158.33
2009-08-25,1858258463,158.55
2009-08-24,1861416537,158.91
2009-08-23,1851246053,157.34
2009-08-22,1850086482,157.25
2009-08-21,1848966849,157.07
2009-08-20,1849874394,157.17
2009-08-19,1846314983,156.68
2009-08-18,1851027109,156.76
2009-08-17,1856281475,157.18
2009-08-16,1847600615,156.21
2009-08-15,1847732566,156.23
2009-08-14,1848151420,156.29
2009-08-13,1845699528,156.03
2009-08-12,1844791087,156.23
2009-08-11,1842716028,156.12
2009-08-10,1842030192,156.07
2009-08-09,1857403463,154.73
2009-08-08,1856979917,154.70
2009-08-07,1856886726,154.73
2009-08-06,1855968135,154.87
2009-08-05,1844521492,154.68
2009-08-04,1845105338,154.85
2009-08-03,1845662874,155.08
2009-08-02,1826007978,153.88
2009-08-01,1826051840,153.88
2009-07-31,1826644786,154.01
2009-07-30,1821877617,153.53
2009-07-29,1820624732,153.15
2009-07-28,1831165984,154.03
2009-07-27,1828850931,153.72
2009-07-26,1811514133,152.51
2009-07-25,1810798397,152.47
2009-07-24,1810450494,152.44
2009-07-23,1811280545,152.59
2009-07-22,1806900915,152.29
2009-07-21,1808009790,152.42
2009-07-20,1783086380,152.14
2009-07-19,1769713554,151.11
2009-07-18,1769371584,151.08
2009-07-17,1769008044,151.05
2009-07-16,1766516800,150.91
2009-07-15,1762973920,150.88
2009-07-14,1777131665,150.64
2009-07-13,1772306101,149.95
2009-07-12,1791030737,151.33
2009-07-11,1790692411,151.30
2009-07-10,1790350955,151.27
2009-07-09,1788353488,151.15
2009-07-08,1786669218,151.16
2009-07-07,1785371872,150.94
2009-07-06,1784408442,150.83
2009-07-05,1785960515,151.06
2009-07-04,1785622549,151.03
2009-07-03,1785265330,151.00
2009-07-02,1787921040,150.98
2009-07-01,1789755561,150.83
2009-06-30,1790060874,150.92
2009-06-29,1789094576,150.82
2009-06-28,1792929593,150.89
2009-06-27,1792723342,150.88
2009-06-26,1792287473,150.83
2009-06-25,1789591556,150.44
2009-06-24,1792794920,150.85
2009-06-23,1790931867,150.60
2009-06-22,1793435255,150.94
2009-06-21,1807419763,151.80
2009-06-20,1807316954,151.79
2009-06-19,1806939461,151.76
2009-06-18,1809024585,151.70
2009-06-17,1810750798,151.97
2009-06-16,1812341043,152.14
2009-06-15,1809118997,151.80
2009-06-14,1999482580,152.11
2009-06-13,1999214972,152.08
2009-06-12,1998613620,152.02
2009-06-11,1999169253,152.00
2009-06-10,1993594282,151.79
2009-06-09,1964082177,150.72
2009-06-08,1961197039,150.36
2009-06-07,1959323466,150.15
2009-06-06,1957678035,149.98
2009-06-05,1957034503,149.95
2009-06-04,1955960160,149.44
2009-06-03,1956618228,149.73
2009-06-02,1953539681,149.98
2009-06-01,1947439948,149.98
2009-05-31,1937995754,149.48
2009-05-30,1934884682,149.24
2009-05-29,1934113000,149.10
2009-05-28,1938346197,148.85
2009-05-27,1935278647,148.54
2009-05-26,1928398240,148.20
2009-05-25,1928043896,147.84
2009-05-24,1917515285,146.94
2009-05-23,1915469345,146.80
2009-05-22,1915567151,146.89
2009-05-21,1911445578,146.62
2009-05-20,1912628160,146.94
2009-05-19,1862527849,146.52
2009-05-18,1855299359,146.16
2009-05-17,1867979216,147.44
2009-05-16,1866181759,147.32
2009-05-15,1865566515,147.29
2009-05-14,1862837461,147.07
2009-05-13,1862775187,147.04
2009-05-12,1863391044,147.19
2009-05-11,1837056579,145.31
2009-05-10,1834213133,145.14
2009-05-09,1833624221,145.11
2009-05-08,1833248370,145.10
2009-05-07,1827834914,144.89
2009-05-06,1827045153,144.89
2009-05-05,1824407005,144.29
2009-05-04,1816600632,143.52
2009-05-03,1811797741,143.21
2009-05-02,1811047815,143.17
2009-05-01,1810382298,143.12
2009-04-30,1812893952,143.51
2009-04-29,1811341796,143.37
2009-04-28,1803022437,142.75
2009-04-27,1805440620,142.84
2009-04-26,1802502210,142.40
2009-04-25,1801821989,142.37
2009-04-24,1798279042,141.92
2009-04-23,1796229081,142.13
2009-04-22,1790653284,141.71
2009-04-21,1785997243,141.21
2009-04-20,1785108601,141.25
2009-04-19,1781791478,140.76
2009-04-18,1780294319,140.66
2009-04-17,1779583170,140.62
2009-04-16,1767608636,138.66
2009-04-15,1757595054,138.73
2009-04-14,1758703877,138.57
2009-04-13,1756671585,138.49
2009-04-12,1736018963,137.09
2009-04-11,1731434303,136.70
2009-04-10,1731378436,136.73
2009-04-09,1731040867,136.66
2009-04-08,1666942438,136.72
2009-04-07,1663973921,136.15
2009-04-06,1667456560,136.53
2009-04-05,1672067575,137.37
2009-04-04,1670866222,137.27
2009-04-03,1670051901,137.15
2009-04-02,1664353796,136.96
2009-04-01,1660467734,136.78
2009-03-31,1656581101,136.21
2009-03-30,1660634532,136.85
2009-03-29,1657492203,136.34
2009-03-28,1656699423,136.24
2009-03-27,1657260529,136.70
2009-03-26,1652606156,136.32
2009-03-25,1648382068,136.02
2009-03-24,1646440741,135.75
2009-03-23,1645904083,135.86
2009-03-22,1642272627,135.50
2009-03-21,1641593362,135.46
2009-03-20,1639693984,135.09
2009-03-19,1633357951,134.63
2009-03-18,1617474832,133.61
2009-03-17,1618431903,133.73
2009-03-16,1616448243,133.44
2009-03-15,1629216070,133.65
2009-03-14,1628832803,133.75
2009-03-13,1627079631,133.15
2009-03-12,1620085592,132.74
2009-03-11,1617371938,132.59
2009-03-10,1619736828,132.74
2009-03-09,1622107338,133.47
2009-03-08,1621476681,133.40
2009-03-07,1620806195,133.36
2009-03-06,1619240284,133.11
2009-03-05,1615740008,132.87
2009-03-04,1616756015,132.61
2009-03-03,1668608988,132.99
2009-03-02,1687477212,132.97
2009-03-01,1694259920,133.82
2009-02-28,1695600667,134.12
2009-02-27,1694250024,134.06
2009-02-26,1678951208,134.36
2009-02-25,1675926532,133.81
2009-02-24,1677950856,133.89
2009-02-23,1676585677,134.09
2009-02-22,1673048167,134.20
2009-02-21,1672784485,134.33
2009-02-20,1672570322,134.41
2009-02-19,1687185398,135.36
2009-02-18,1612472016,134.51
2009-02-17,1614502483,134.25
2009-02-16,1601547508,135.45
2009-02-15,1656608113,135.28
2009-02-14,1656086726,135.24
2009-02-13,1655014081,134.91
2009-02-12,1646476151,134.49
2009-02-11,1649716419,134.98
2009-02-10,1645857206,135.02
2009-02-09,1648004117,135.56
2009-02-08,1645099757,134.67
2009-02-07,1644719693,134.65
2009-02-06,1642320573,133.94
2009-02-05,1639833338,132.79
2009-02-04,1549050615,128.99
2009-02-03,1424634396,122.39
2009-02-02,1422601345,122.55
2009-02-01,1430345867,123.94
2009-01-31,1429922032,123.93
2009-01-30,1429746133,123.79
2009-01-29,1432987313,124.19
2009-01-28,1436312340,124.34
2009-01-27,1436610294,124.28
2009-01-26,1428649350,123.56
2009-01-25,1430856001,124.04
2009-01-24,1430381134,124.01
2009-01-23,1430090524,124.10
2009-01-22,1427850043,124.34
2009-01-21,1419648026,124.33
2009-01-20,1421370672,124.79
2009-01-19,1424318005,125.34
2009-01-18,1431052274,126.14
2009-01-17,1430607635,126.11
2009-01-16,1429214912,125.59
2009-01-15,1426651227,125.49
2009-01-14,1447477027,125.71
2009-01-13,1448364902,126.08
2009-01-12,1447089813,126.18
2009-01-11,1460136582,127.39
2009-01-10,1459688070,127.36
2009-01-09,1459159369,127.28
2009-01-08,1451402496,126.43
2009-01-07,1455064710,127.15
2009-01-06,1455901979,127.05
2009-01-05,1454494702,126.99
2009-01-04,1455214608,126.95
2009-01-03,1454770323,126.92
2009-01-02,1453520185,126.32
2009-01-01,1449585686,125.88
2008-12-31,1449516335,126.05
2008-12-30,1438070313,125.93
2008-12-29,1440337157,125.75
2008-12-28,1458881375,126.79
2008-12-27,1458614172,126.77
2008-12-26,1458080799,126.74
2008-12-25,1456366984,126.70
2008-12-24,1454207601,126.69
2008-12-23,1438039847,125.92
2008-12-22,1436850183,125.61
2008-12-21,1435415032,125.31
2008-12-20,1435444823,125.42
2008-12-19,1433933310,125.67
2008-12-18,1434625954,125.61
2008-12-17,1433309854,125.63
2008-12-16,1434822455,125.80
2008-12-15,1437337712,125.96
2008-12-14,1506497325,126.10
2008-12-13,1506080685,126.08
2008-12-12,1505511687,126.10
2008-12-11,1505052637,125.91
2008-12-10,1504067046,125.89
2008-12-09,1504177601,125.86
2008-12-08,1507591394,125.71
2008-12-07,1504932434,125.42
2008-12-06,1504423699,125.38
2008-12-05,1504205407,125.57
2008-12-04,1506374333,125.69
2008-12-03,1506816530,125.44
2008-12-02,1510026629,124.95
2008-12-01,1572728345,126.12
2008-11-30,1564827575,125.32
2008-11-29,1564458249,125.29
2008-11-28,1563779055,125.61
2008-11-27,1560399795,125.26
2008-11-26,1557177511,124.65
2008-11-25,1554129369,124.46
2008-11-24,1551136901,123.26
2008-11-23,1560867723,124.63
2008-11-22,1560852976,124.95
2008-11-21,1559407334,124.72
2008-11-20,1557504460,124.81
2008-11-19,1560639459,125.84
2008-11-18,1573565082,125.69
2008-11-17,1589026815,126.17
2008-11-16,1639776476,128.23
2008-11-15,1639371819,128.21
2008-11-14,1638633260,127.93
2008-11-13,1637328026,128.16
2008-11-12,1635323099,128.71
2008-11-11,1639118636,129.44
2008-11-10,1643624349,130.30
2008-11-09,1632184754,128.79
2008-11-08,1631833834,128.76
2008-11-07,1630364548,127.92
2008-11-06,1630736223,129.58
2008-11-05,1632772363,129.79
2008-11-04,1631342572,129.59
2008-11-03,1627077950,129.10
2008-11-02,1621556085,128.43
2008-11-01,1621243277,128.41
2008-10-31,1621175012,128.46
2008-10-30,1619571095,127.46
2008-10-29,1609226330,125.95
2008-10-28,1610334367,125.86
2008-10-27,1618826642,126.60
2008-10-26,1618552651,126.59
2008-10-25,1618236576,126.56
2008-10-24,1619354862,127.26
2008-10-23,1623681219,127.90
2008-10-22,1628183546,128.58
2008-10-21,1635377468,129.00
2008-10-20,1636449010,129.30
2008-10-19,1646310914,130.43
2008-10-18,1645976986,130.40
2008-10-17,1645495779,130.31
2008-10-16,1635500471,131.12
2008-10-15,1647015929,132.74
2008-10-14,1791359840,132.61
2008-10-13,1802021391,132.26
2008-10-12,1814230640,134.06
2008-10-11,1813850766,134.03
2008-10-10,1813677380,134.88
2008-10-09,1823365640,135.03
2008-10-08,1817609717,135.24
2008-10-07,1825680320,136.07
2008-10-06,1831161482,137.51
2008-10-05,1865742549,139.65
2008-10-04,1865369538,139.62
2008-10-03,1865052222,139.63
2008-10-02,1869870137,140.92
2008-10-01,1874376450,141.11
2008-09-30,1888887999,141.16
2008-09-29,1887908186,142.19
2008-09-28,1902408963,143.96
2008-09-27,1901990854,143.94
2008-09-26,1905559501,144.01
2008-09-25,1907702404,144.50
2008-09-24,1905415189,144.30
2008-09-23,1907775161,144.98
2008-09-22,1907058385,145.38
2008-09-21,1914832964,144.37
2008-09-20,1914294114,144.34
2008-09-19,1913790022,144.32
2008-09-18,1905992609,143.33
2008-09-17,1904455660,143.40
2008-09-16,1903137990,144.18
2008-09-15,1909660183,145.32
2008-09-14,2096466488,146.87
2008-09-13,2095931254,146.84
2008-09-12,2095390856,146.81
2008-09-11,2076501539,146.28
2008-09-10,2074584930,146.62
2008-09-09,2075655056,147.42
2008-09-08,2079347601,147.83
2008-09-07,2095295214,148.80
2008-09-06,2094732595,148.77
2008-09-05,2094232939,148.74
2008-09-04,2100326764,149.74
2008-09-03,2105307435,150.21
2008-09-02,2123451538,150.99
2008-09-01,2096724548,151.81
2008-08-31,2095576297,151.73
2008-08-30,2096065125,151.76
2008-08-29,2094347673,151.72
2008-08-28,2043505038,151.17
2008-08-27,2041586905,150.86
2008-08-26,2040567039,151.24
2008-08-25,2044078572,151.51
2008-08-24,2021626655,151.52
2008-08-23,2022495166,151.63
2008-08-22,2022009862,151.60
2008-08-21,2021898982,151.39
2008-08-20,1999100784,150.99
2008-08-19,1998906454,151.02
2008-08-18,1984941373,151.37
2008-08-17,2011689006,151.84
2008-08-16,2011926251,151.87
2008-08-15,2011456962,151.84
2008-08-14,2055504096,151.50
2008-08-13,2043167080,151.50
2008-08-12,2043837402,151.66
2008-08-11,2042895099,151.33
2008-08-10,2041854584,151.88
2008-08-09,2044640984,152.14
2008-08-08,2045075772,152.14
2008-08-07,2047580791,151.95
2008-08-06,2046688610,152.24
2008-08-05,2045502415,152.18
2008-08-04,2051004617,153.24
2008-08-03,2054741728,152.02
2008-08-02,2055056823,152.07
2008-08-01,2058621199,153.93
2008-07-31,2056594593,153.49
2008-07-30,2053172138,152.86
2008-07-29,2051957776,152.66
2008-07-28,2050593956,152.48
2008-07-27,2068263481,154.67
2008-07-26,2057043059,154.92
2008-07-25,2056597605,154.89
2008-07-24,2057483097,154.89
2008-07-23,2020917899,155.42
2008-07-22,2018477853,155.39
2008-07-21,2019437057,155.68
2008-07-20,2020230257,156.17
2008-07-19,2020512394,156.25
2008-07-18,2020024643,156.22
2008-07-17,2020627157,156.46
2008-07-16,2020147890,156.53
2008-07-15,2007740463,156.78
2008-07-14,2027758554,156.76
2008-07-13,2058218412,158.22
2008-07-12,2057715078,158.19
2008-07-11,2057244929,158.16
2008-07-10,2056095523,158.14
2008-07-09,2054389960,157.59
2008-07-08,2056052862,158.22
2008-07-07,2089106836,158.97
2008-07-06,2091838310,159.27
2008-07-05,2091147185,159.24
2008-07-04,2090750900,159.22
2008-07-03,2092560937,159.81
2008-07-02,2091298249,159.96
2008-07-01,2095097048,160.66
2008-06-30,2067894049,160.81
2008-06-29,2068416546,160.91
2008-06-28,2067934459,160.87
2008-06-27,2044440246,160.28
2008-06-26,2041689262,160.10
2008-06-25,2048239785,160.39
2008-06-24,2045585822,160.56
2008-06-23,2043737796,160.36
2008-06-22,2051939920,160.70
2008-06-21,2051511165,160.68
2008-06-20,2051482591,160.72
2008-06-19,2041696924,160.70
2008-06-18,2037481441,160.57
2008-06-17,2038009846,160.70
2008-06-16,2035860273,160.27
2008-06-15,2084958630,160.27
2008-06-14,2084538825,160.25
2008-06-13,2084400337,160.28
2008-06-12,2084094958,160.28
2008-06-11,2078672830,160.03
2008-06-10,2078943047,160.09
2008-06-09,2081798685,160.36
2008-06-08,2086794306,160.16
2008-06-07,2086526490,160.16
2008-06-06,2086109238,160.14
2008-06-05,2089940751,160.37
2008-06-04,2090158948,160.01
2008-06-03,2090644349,159.89
2008-06-02,2103354522,159.60
2008-06-01,2075242012,159.57
2008-05-31,2074978470,159.55
2008-05-30,2075440328,159.60
2008-05-29,2078681829,159.73
2008-05-28,2076781968,159.73
2008-05-27,2064124233,159.34
2008-05-26,2055633343,159.62
2008-05-25,2054942350,159.76
2008-05-24,2054384041,159.73
2008-05-23,2053806403,159.70
2008-05-22,2051118317,159.62
2008-05-21,2053863504,159.34
2008-05-20,2053312288,159.33
2008-05-19,2056810793,159.31
2008-05-18,2014838862,158.85
2008-05-17,2014369257,158.84
2008-05-16,2013888979,158.82
2008-05-15,2028291329,158.72
2008-05-14,2064904711,159.00
2008-05-13,2070492681,159.06
2008-05-12,2069769358,158.84
2008-05-11,2065150248,158.87
2008-05-10,2064684868,158.85
2008-05-09,2064202885,158.84
2008-05-08,2063720882,158.80
2008-05-07,2061484391,158.49
2008-05-06,2061697691,158.60
2008-05-05,2058233460,158.71
2008-05-04,2057486148,158.87
2008-05-03,2056106354,158.77
2008-05-02,2055585069,158.74
2008-05-01,2055025015,158.71
2008-04-30,2054227439,158.77
2008-04-29,2052156115,157.75
2008-04-28,2053994805,157.76
2008-04-27,2049482136,157.72
2008-04-26,2048876529,157.69
2008-04-25,2048305613,157.64
2008-04-24,2045095501,157.61
2008-04-23,2043780228,157.57
2008-04-22,2041228280,157.57
2008-04-21,2041491200,157.59
2008-04-20,2040821641,157.65
2008-04-19,2040203385,157.62
2008-04-18,2039484898,157.53
2008-04-17,2035607143,157.40
2008-04-16,2032676213,157.35
2008-04-15,2032176014,157.34
2008-04-14,2046781206,157.35
2008-04-13,2040980877,156.59
2008-04-12,2040083705,156.51
2008-04-11,2039576322,156.49
2008-04-10,2037832065,156.38
2008-04-09,2037292243,156.37
2008-04-08,2036281688,156.38
2008-04-07,2038771677,156.43
2008-04-06,2040378305,157.31
2008-04-05,2039767688,157.28
2008-04-04,2036636207,157.06
2008-04-03,2037361114,157.09
2008-04-02,2036218929,156.98
2008-04-01,2035129561,157.01
2008-03-31,2034106384,157.14
2008-03-30,2003926037,157.30
2008-03-29,2003401485,157.26
2008-03-28,1991474176,156.86
2008-03-27,1997387444,156.83
2008-03-26,1993268292,156.48
2008-03-25,1992217098,156.51
2008-03-24,2023810654,158.49
2008-03-23,2023158182,158.49
2008-03-22,2022699242,158.46
2008-03-21,2021854584,158.43
2008-03-20,2017475314,158.41
2008-03-19,2017148524,158.46
2008-03-18,2017031549,158.46
2008-03-17,2015362776,158.46
2008-03-16,2049069401,157.50
2008-03-15,2048529420,157.47
2008-03-14,2048716801,157.45
2008-03-13,2045383054,157.41
2008-03-12,2044485883,157.38
2008-03-11,2043924491,157.31
2008-03-10,2040708299,157.00
2008-03-09,2040133941,156.97
2008-03-08,2039590481,156.94
2008-03-07,2036561642,156.84
2008-03-06,2035750778,156.80
2008-03-05,2035632019,156.76
2008-03-04,2047357512,156.76
2008-03-03,2053092714,156.75
2008-03-02,2056981925,157.02
2008-03-01,2056434224,156.99
2008-02-29,2056112575,156.97
2008-02-28,2054948616,156.95
2008-02-27,2030992146,156.51
2008-02-26,2025819973,156.41
2008-02-25,1989368294,156.30
2008-02-24,1971311893,154.32
2008-02-23,1970801401,154.31
2008-02-22,1910211238,154.28
2008-02-21,1912650141,154.35
2008-02-20,1912097575,154.37
2008-02-19,1912428264,154.40
2008-02-18,1914565514,154.48
2008-02-17,1915126718,153.66
2008-02-16,1914575090,153.63
2008-02-15,1914757976,153.72
2008-02-14,1937005652,153.71
2008-02-13,1936507032,153.71
2008-02-12,1936756292,153.72
2008-02-11,1935592835,153.68
2008-02-10,1945678039,154.37
2008-02-09,1945282368,154.36
2008-02-08,1944715688,154.33
2008-02-07,1944165747,154.25
2008-02-06,1946577537,154.31
2008-02-05,1945448854,154.28
2008-02-04,1945711167,154.26
2008-02-03,1931898843,153.59
2008-02-02,1931464342,153.56
2008-02-01,1930890446,153.53
2008-01-31,1926198319,153.50
2008-01-30,1918000718,153.62
2008-01-29,1918407450,153.48
2008-01-28,1917922903,153.47
2008-01-27,1908748909,153.10
2008-01-26,1908311722,153.07
2008-01-25,1906147259,152.95
2008-01-24,1905254214,152.88
2008-01-23,1900201320,152.73
2008-01-22,1899960154,152.72
2008-01-21,1900328519,152.88
2008-01-20,1920624688,153.85
2008-01-19,1920194512,153.84
2008-01-18,1911463892,153.10
2008-01-17,1905780784,152.81
2008-01-16,1905398723,153.21
2008-01-15,1899467676,153.04
2008-01-14,1911703583,153.06
2008-01-13,1893351976,152.28
2008-01-12,1892911135,152.25
2008-01-11,1892795632,152.22
2008-01-10,1892942338,152.21
2008-01-09,1892725245,152.22
2008-01-08,1854901282,152.18
2008-01-07,1845040948,152.08
2008-01-06,1844504837,152.06
2008-01-05,1843938883,152.02
2008-01-04,1843493878,152.00
2008-01-03,1840687658,151.98
2008-01-02,1838075718,152.24
2008-01-01,1837532164,152.21
2007-12-31,1837052383,152.18
2007-12-30,1838104575,152.30
2007-12-29,1837176756,152.00
2007-12-28,1825626291,151.98
2007-12-27,1823960850,151.66
2007-12-26,1820171581,151.63
2007-12-25,1817101250,151.63
2007-12-24,1815166751,151.63
2007-12-23,1804473800,151.01
2007-12-22,1799570821,150.99
2007-12-21,1800296750,151.00
2007-12-20,1804399324,150.99
2007-12-19,1804295460,150.97
2007-12-18,1798642906,150.44
2007-12-17,1798060548,150.41
2007-12-16,1797548483,150.38
2007-12-15,1796921485,150.34
2007-12-14,1736473971,150.31
2007-12-13,1732605750,150.19
2007-12-12,1744067637,150.16
2007-12-11,1762058688,150.11
2007-12-10,1742641224,150.08
2007-12-09,1737695646,149.84
2007-12-08,1737176729,149.81
2007-12-07,1736529367,149.77
2007-12-06,1723574172,149.81
2007-12-05,1714255486,149.78
2007-12-04,1715901559,149.74
2007-12-03,1711378651,149.68
2007-12-02,1700184845,148.62
2007-12-01,1699567692,148.58
2007-11-30,1694510291,147.87
2007-11-29,1687880469,147.47
2007-11-28,1669365258,147.44
2007-11-27,1666870085,147.40
2007-11-26,1664763839,147.37
2007-11-25,1669141469,148.12
2007-11-24,1668653477,148.09
2007-11-23,1668149317,148.06
2007-11-22,1667461914,148.03
2007-11-21,1666279788,148.00
2007-11-20,1668609499,147.96
2007-11-19,1674332955,147.94
2007-11-18,1688542222,149.08
2007-11-17,1704016962,149.06
2007-11-16,1704314724,149.11
2007-11-15,1694880847,149.02
2007-11-14,1720158377,148.99
2007-11-13,1719568531,148.97
2007-11-12,1718755722,148.91
2007-11-11,1717447577,149.24
2007-11-10,1716811351,149.20
2007-11-09,1716291273,149.17
2007-11-08,1713133605,149.21
2007-11-07,1710542869,149.18
2007-11-06,1709301275,149.17
2007-11-05,1698201162,149.00
2007-11-04,1688484814,149.54
2007-11-03,1687959719,149.50
2007-11-02,1687599299,149.48
2007-11-01,1685304192,149.42
2007-10-31,1683700694,149.39
2007-10-30,1678636967,149.34
2007-10-29,1673064552,149.30
2007-10-28,1674881403,149.78
2007-10-27,1674243248,149.85
2007-10-26,1673744012,149.81
2007-10-25,1673367484,149.78
2007-10-24,1672984420,149.75
2007-10-23,1659425319,149.73
2007-10-22,1660183792,149.72
2007-10-21,1664059199,150.43
2007-10-20,1663559911,150.38
2007-10-19,1663188575,150.35
2007-10-18,1660980632,150.32
2007-10-17,1660299218,150.29
2007-10-16,1658774068,150.26
2007-10-15,1652704472,150.04
2007-10-14,1712913616,151.00
2007-10-13,1725883048,150.97
2007-10-12,1725582919,150.96
2007-10-11,1724931851,150.91
2007-10-10,1721540473,150.75
2007-10-09,1706796583,150.61
2007-10-08,1704865893,150.43
2007-10-07,1711673272,151.18
2007-10-06,1712624987,151.14
2007-10-05,1712272176,151.11
2007-10-04,1709430882,150.93
2007-10-03,1700549816,150.81
2007-10-02,1669850449,150.82
2007-10-01,1664404935,151.06
2007-09-30,1668950249,151.56
2007-09-29,1668741477,151.55
2007-09-28,1662423752,150.89
2007-09-27,1639292477,150.86
2007-09-26,1630918408,149.76
2007-09-25,1628539202,149.75
2007-09-24,1593365561,149.03
2007-09-23,1599402475,149.12
2007-09-22,1599186782,149.11
2007-09-21,1592094780,148.76
2007-09-20,1587300757,148.68
2007-09-19,1587245744,148.65
2007-09-18,1584788299,148.63
2007-09-17,1597186556,148.72
2007-09-16,1661310933,149.47
2007-09-15,1661340699,149.92
2007-09-14,1660433472,149.87
2007-09-13,1645924349,149.89
2007-09-12,1648080250,149.45
2007-09-11,1660090354,149.99
2007-09-10,1663623061,150.58
2007-09-09,1687790840,151.75
2007-09-08,1686869407,151.76
2007-09-07,1686759563,151.75
2007-09-06,1685869251,151.73
2007-09-05,1683151015,151.78
2007-09-04,1682139927,151.83
2007-09-03,1690388678,151.90
2007-09-02,1717900116,152.85
2007-09-01,1717342469,152.84
2007-08-31,1717298906,152.84
2007-08-30,1709163184,152.82
2007-08-29,1705497060,152.65
2007-08-28,1684792911,152.01
2007-08-27,1678454776,151.97
2007-08-26,1696531116,153.58
2007-08-25,1696366141,153.57
2007-08-24,1691778776,152.91
2007-08-23,1681853756,152.22
2007-08-22,1680378328,152.15
2007-08-21,1672240294,151.90
2007-08-20,1673625593,152.12
2007-08-19,1689716314,154.45
2007-08-18,1689540376,154.43
2007-08-17,1688871805,154.34
2007-08-16,1689082939,154.37
2007-08-15,1688776456,154.37
2007-08-14,1695379191,154.36
2007-08-13,1692327284,154.88
2007-08-12,1687727107,155.06
2007-08-11,1687598242,155.04
2007-08-10,1686585902,154.99
2007-08-09,1667352804,154.88
2007-08-08,1651735800,154.36
2007-08-07,1645376009,154.31
2007-08-06,1643098536,154.25
2007-08-05,1620203215,153.49
2007-08-04,1620076290,153.47
2007-08-03,1620041795,153.46
2007-08-02,1598257304,153.44
2007-08-01,1589303003,153.52
2007-07-31,1573560233,153.59
2007-07-30,1571453227,153.55
2007-07-29,1555496929,152.10
2007-07-28,1555377223,152.09
2007-07-27,1555261411,152.07
2007-07-26,1545043183,152.06
2007-07-25,1545686192,152.06
2007-07-24,1544302925,152.76
2007-07-23,1540689142,152.26
2007-07-22,1514488707,149.55
2007-07-21,1514371556,149.54
2007-07-20,1514252938,149.52
2007-07-19,1397657000,149.51
2007-07-18,1390119599,149.45
2007-07-17,1388607831,149.33
2007-07-16,1381705622,149.28
2007-07-15,1375409046,147.83
2007-07-14,1377606860,148.21
2007-07-13,1377579185,148.21
2007-07-12,1373352140,148.18
2007-07-11,1371559439,148.18
2007-07-10,1371149763,148.19
2007-07-09,1366729140,148.19
2007-07-08,1353100549,147.15
2007-07-07,1352486471,147.13
2007-07-06,1352369534,147.12
2007-07-05,1364103250,147.06
2007-07-04,1357581330,147.04
2007-07-03,1349271025,147.03
2007-07-02,1347544100,146.79
2007-07-01,1324051367,145.89
2007-06-30,1323939060,145.94
2007-06-29,1323425568,145.84
2007-06-28,1324397097,146.00
2007-06-27,1310251508,145.09
2007-06-26,1310145131,145.21
2007-06-25,1291978867,145.26
2007-06-24,1251699437,145.25
2007-06-23,1251659940,145.25
2007-06-22,1251605783,145.25
2007-06-21,1220983651,144.83
2007-06-20,1215772014,144.02
2007-06-19,1212944492,143.95
2007-06-18,1210899079,143.95
2007-06-17,1206461899,143.48
2007-06-16,1206353092,143.46
2007-06-15,1207302208,143.54
2007-06-14,1215217968,142.51
2007-06-13,1213405627,142.81
2007-06-12,1217484420,142.85
2007-06-11,1213448893,142.84
2007-06-10,1215617949,143.28
2007-06-09,1215470750,143.27
2007-06-08,1215203875,143.22
2007-06-07,1214963457,143.22
2007-06-06,1214142122,143.12
2007-06-05,1178152620,143.00
2007-06-04,1159125779,142.95
2007-06-03,1185110872,143.53
2007-06-02,1184968921,143.51
2007-06-01,1184892638,143.50
2007-05-31,1181041869,143.33
2007-05-30,1179357880,143.28
2007-05-29,1165688372,143.30
2007-05-28,1157724219,143.27
2007-05-27,1145959963,142.64
2007-05-26,1145798517,142.63
2007-05-25,1141662269,142.17
2007-05-24,1133941776,142.17
2007-05-23,1119970989,142.03
2007-05-22,1116685627,141.87
2007-05-21,1120349472,142.33
2007-05-20,1109073121,141.42
2007-05-19,1108923714,141.41
2007-05-18,1108759812,141.40
2007-05-17,1080143919,140.48
2007-05-16,1067830350,140.04
2007-05-15,989705972,139.74
2007-05-14,996443025,139.90
2007-05-13,991823024,139.24
2007-05-12,991702498,139.23
2007-05-11,977885703,136.20
2007-05-10,970019678,135.77
2007-05-09,942543501,135.85
2007-05-08,942515581,135.87
2007-05-07,923221247,135.77
2007-05-06,907286613,135.11
2007-05-05,907195138,135.10
2007-05-04,907703335,135.16
2007-05-03,884321914,135.23
2007-05-02,864347932,135.27
2007-05-01,863025166,135.23
2007-04-30,863079548,135.24
2007-04-29,862251070,135.19
2007-04-28,862148336,135.18
2007-04-27,862147842,135.18
2007-04-26,859390503,135.16
2007-04-25,851755810,134.25
2007-04-24,844885469,134.24
2007-04-23,843926201,134.25
2007-04-22,829179245,134.71
2007-04-21,829080646,134.70
2007-04-20,829105364,134.70
2007-04-19,773476906,134.70
2007-04-18,754021642,134.59
2007-04-17,753173457,134.57
2007-04-16,751527519,134.48
2007-04-15,757863311,135.13
2007-04-14,757758602,135.12
2007-04-13,757661667,135.10
2007-04-12,752912935,135.06
2007-04-11,756807849,135.03
2007-04-10,745340459,131.71
2007-04-09,744777039,131.70
2007-04-08,740744517,131.61
2007-04-07,740636367,131.60
2007-04-06,740512572,131.58
2007-04-05,740567859,131.62
2007-04-04,739452788,131.65
2007-04-03,734882544,131.62
2007-04-02,734106095,131.56
2007-04-01,728663637,131.57
2007-03-31,728625365,131.57
2007-03-30,728681063,131.58
2007-03-29,722846759,131.57
2007-03-28,714989868,131.56
2007-03-27,711868066,131.11
2007-03-26,711031912,131.10
2007-03-25,707976382,130.44
2007-03-24,706132745,130.43
2007-03-23,706038086,130.42
2007-03-22,705941069,130.41
2007-03-21,705815191,130.39
2007-03-20,703808925,130.38
2007-03-19,700903563,130.35
2007-03-18,698069983,129.56
2007-03-17,697985842,129.55
2007-03-16,698830883,129.86
2007-03-15,696704122,129.81
2007-03-14,703070305,129.80
2007-03-13,694463036,129.84
2007-03-12,691153785,129.82
2007-03-11,703185126,129.38
2007-03-10,701251623,129.37
2007-03-09,701168523,129.36
2007-03-08,701094521,129.34
2007-03-07,700767652,129.28
2007-03-06,693453069,129.27
2007-03-05,699071661,129.29
2007-03-04,702163039,128.41
2007-03-03,702077177,128.39
2007-03-02,701952043,128.38
2007-03-01,709717516,128.44
2007-02-28,707660028,128.48
2007-02-27,707722311,128.48
2007-02-26,707015243,128.38
2007-02-25,702323695,126.91
2007-02-24,702234920,126.90
2007-02-23,702327893,126.91
2007-02-22,696453802,125.85
2007-02-21,690654080,125.81
2007-02-20,687905251,125.64
2007-02-19,701560132,125.61
2007-02-18,696453401,124.70
2007-02-17,696353429,124.69
2007-02-16,696590360,124.74
2007-02-15,693539889,124.69
2007-02-14,694848162,124.63
2007-02-13,699933210,124.50
2007-02-12,685116217,125.52
2007-02-11,681183919,124.28
2007-02-10,680497537,124.27
2007-02-09,680565240,124.27
2007-02-08,687289056,124.07
2007-02-07,686432266,124.28
2007-02-06,684870217,124.40
2007-02-05,650851636,124.39
2007-02-04,638835120,123.97
2007-02-03,638733665,123.96
2007-02-02,638829360,123.98
2007-02-01,637777199,124.12
2007-01-31,637134872,124.04
2007-01-30,635693897,124.04
2007-01-29,635624654,124.03
2007-01-28,639091363,125.29
2007-01-27,638989493,125.27
2007-01-26,639457597,125.41
2007-01-25,641873374,125.40
2007-01-24,636802709,124.43
2007-01-23,635069803,124.40
2007-01-22,633362229,124.04
2007-01-21,626280388,122.22
2007-01-20,626181196,122.21
2007-01-19,626093746,122.20
2007-01-18,625509309,122.37
2007-01-17,624899280,122.31
2007-01-16,623771540,122.28
2007-01-15,625173164,122.44
2007-01-14,622332382,121.39
2007-01-13,622216143,121.36
2007-01-12,622166283,121.35
2007-01-11,620223683,121.41
2007-01-10,619224312,121.42
2007-01-09,604367144,121.90
2007-01-08,601154995,122.25
2007-01-07,598903761,121.66
2007-01-06,598793832,121.63
2007-01-05,598817106,121.63
2007-01-04,596982933,121.61
2007-01-03,596206187,121.58
2007-01-02,595057701,120.96
2007-01-01,594946267,120.93
2006-12-31,594835169,120.91
2006-12-30,594780786,120.90
2006-12-29,593974443,120.72
2006-12-28,593959030,121.13
2006-12-27,594358566,121.32
2006-12-26,579420611,122.36
2006-12-25,580494264,122.30
2006-12-24,576571694,122.03
2006-12-23,576466491,122.02
2006-12-22,580251571,124.02
2006-12-21,580146481,124.04
2006-12-20,579186827,124.05
2006-12-19,574727451,123.61
2006-12-18,574632160,123.60
2006-12-17,574534779,123.58
2006-12-16,574445757,123.57
2006-12-15,576803682,124.71
2006-12-14,572057248,124.71
2006-12-13,564736439,123.60
2006-12-12,504539986,124.58
2006-12-11,502139930,123.94
2006-12-10,499894427,123.34
2006-12-09,499809548,123.33
2006-12-08,500655670,123.68
2006-12-07,498879607,123.67
2006-12-06,499403546,123.90
2006-12-05,499425868,123.91
2006-12-04,499997346,124.16
2006-12-03,499966411,124.10
2006-12-02,499870340,124.07
2006-12-01,499005975,123.80
2006-11-30,498760439,123.75
2006-11-29,498066424,123.75
2006-11-28,497300994,123.73
2006-11-27,497176086,123.70
2006-11-26,496591809,123.54
2006-11-25,496497937,123.52
2006-11-24,496970439,123.76
2006-11-23,496225008,123.73
2006-11-22,496089530,123.70
2006-11-21,495498250,123.58
2006-11-20,495496420,123.55
2006-11-19,494562916,123.38
2006-11-18,494478377,123.37
2006-11-17,494414949,123.36
2006-11-16,489181114,122.34
2006-11-15,488769401,122.28
2006-11-14,488540895,122.27
2006-11-13,485410406,122.26
2006-11-12,482788646,122.16
2006-11-11,482688912,122.13
2006-11-10,482419681,122.08
2006-11-09,481895196,122.07
2006-11-08,481224683,121.99
2006-11-07,479794370,121.83
2006-11-06,478486259,121.37
2006-11-05,474754861,120.70
2006-11-04,474680852,120.68
2006-11-03,474570058,120.66
2006-11-02,473682390,120.64
2006-11-01,470176360,120.62
2006-10-31,469634412,120.62
2006-10-30,462528211,120.64
2006-10-29,457872219,121.15
2006-10-28,457792990,121.14
2006-10-27,457597967,121.08
2006-10-26,455827840,121.04
2006-10-25,455613295,121.02
2006-10-24,455170349,120.95
2006-10-23,450017547,120.95
2006-10-22,449605410,121.18
2006-10-21,449531699,121.17
2006-10-20,449405726,121.14
2006-10-19,445679983,121.12
2006-10-18,443490240,121.06
2006-10-17,443104461,121.04
2006-10-16,442981203,121.02
2006-10-15,442288269,121.11
2006-10-14,442220535,121.09
2006-10-13,442152617,121.08
2006-10-12,433104115,120.74
2006-10-11,432894766,120.73
2006-10-10,429199936,120.72
2006-10-09,429150212,120.71
2006-10-08,426539318,120.86
2006-10-07,426472649,120.85
2006-10-06,424203839,119.72
2006-10-05,421309977,119.70
2006-10-04,421261616,119.70
2006-10-03,421171541,119.68
2006-10-02,420747634,119.67
2006-10-01,420495446,119.62
2006-09-30,420451399,119.62
2006-09-29,420343139,119.60
2006-09-28,420617872,119.81
2006-09-27,420372369,119.79
2006-09-26,420086508,119.76
2006-09-25,419253522,119.73
2006-09-24,419536647,120.00
2006-09-23,419443682,119.98
2006-09-22,419330580,119.96
2006-09-21,418758147,119.74
2006-09-20,418786095,119.72
2006-09-19,418687671,119.69
2006-09-18,417804720,119.67
2006-09-17,417531886,119.46
2006-09-16,417447580,119.44
2006-09-15,417360552,119.42
2006-09-14,416726464,119.39
2006-09-13,416644058,119.37
2006-09-12,415682345,119.26
2006-09-11,415760416,119.26
2006-09-10,443905201,118.79
2006-09-09,443819703,118.76
2006-09-08,443759629,118.75
2006-09-07,444187024,118.72
2006-09-06,444829578,118.75
2006-09-05,449280620,119.42
2006-09-04,450875076,119.32
2006-09-03,447932701,118.00
2006-09-02,447849765,117.98
2006-09-01,447720197,117.96
2006-08-31,447289014,117.97
2006-08-30,448768769,117.88
2006-08-29,441856152,116.88
2006-08-28,441654259,116.86
2006-08-27,440108964,116.06
2006-08-26,440017533,116.03
2006-08-25,439913114,116.01
2006-08-24,448666373,115.99
2006-08-23,447362828,115.16
2006-08-22,448414085,115.13
2006-08-21,448508220,115.11
2006-08-20,447478308,114.85
2006-08-19,447380270,114.82
2006-08-18,447316210,114.81
2006-08-17,446543987,114.77
2006-08-16,447616368,114.85
2006-08-15,445699938,115.55
2006-08-14,444462516,115.54
2006-08-13,445104981,115.75
2006-08-12,444972052,115.72
2006-08-11,445088299,115.74
2006-08-10,444194064,115.61
2006-08-09,432294108,114.09
2006-08-08,431539932,113.56
2006-08-07,428211710,113.50
2006-08-06,427741782,113.50
2006-08-05,427635375,113.48
2006-08-04,427460126,113.44
2006-08-03,428122409,113.54
2006-08-02,427737043,113.48
2006-08-01,418570490,113.63
2006-07-31,417525879,113.39
2006-07-30,413481939,112.82
2006-07-29,413428914,112.81
2006-07-28,413575119,112.84
2006-07-27,413121716,112.77
2006-07-26,413667053,112.85
2006-07-25,408712271,112.11
2006-07-24,409534312,112.22
2006-07-23,409763008,112.23
2006-07-22,409682365,112.21
2006-07-21,408216455,111.64
2006-07-20,408221874,111.64
2006-07-19,402234050,111.63
2006-07-18,401725338,111.55
2006-07-17,401735339,111.56
2006-07-16,401837105,111.54
2006-07-15,401745354,111.52
2006-07-14,401725481,111.51
2006-07-13,401636645,111.48
2006-07-12,400861930,111.41
2006-07-11,400943376,111.42
2006-07-10,400891063,111.41
2006-07-09,401013079,111.54
2006-07-08,400921890,111.52
2006-07-07,400819224,111.50
2006-07-06,400709447,111.48
2006-07-05,400528639,111.45
2006-07-04,398500218,110.47
2006-07-03,398428177,110.46
2006-07-02,398034879,110.43
2006-07-01,397942555,110.40
2006-06-30,397885626,110.39
2006-06-29,397866452,110.39
2006-06-28,397549231,110.37
2006-06-27,397469365,110.35
2006-06-26,396619561,110.06
2006-06-25,397007437,110.35
2006-06-24,396915532,110.33
2006-06-23,396688804,110.26
2006-06-22,396596500,110.24
2006-06-21,391677494,110.21
2006-06-20,389635410,110.22
2006-06-19,389653781,110.23
2006-06-18,389523351,110.04
2006-06-17,389435677,110.02
2006-06-16,389424409,110.02
2006-06-15,388593832,109.98
2006-06-14,388480823,109.96
2006-06-13,388506454,109.98
2006-06-12,388411813,109.95
2006-06-11,385932587,110.10
2006-06-10,385847517,110.08
2006-06-09,385716702,110.04
2006-06-08,384855649,109.91
2006-06-07,383554034,109.90
2006-06-06,382900101,109.88
2006-06-05,382411556,109.90
2006-06-04,382235593,109.99
2006-06-03,382153190,109.96
2006-06-02,382090238,109.95
2006-06-01,381984037,109.92
2006-05-31,381962031,109.92
2006-05-30,382106549,109.93
2006-05-29,382384320,109.93
2006-05-28,380916418,109.55
2006-05-27,380822157,109.53
2006-05-26,380722784,109.50
2006-05-25,380335130,109.49
2006-05-24,380357876,109.47
2006-05-23,380491406,109.36
2006-05-22,380369917,109.33
2006-05-21,381296984,109.86
2006-05-20,381200068,109.84
2006-05-19,381184047,109.84
2006-05-18,380913524,109.81
2006-05-17,380753762,109.77
2006-05-16,379774982,109.35
2006-05-15,380055927,109.52
2006-05-14,365456947,108.78
2006-05-13,365367767,108.76
2006-05-12,365376953,108.77
2006-05-11,365337199,108.76
2006-05-10,365615377,108.90
2006-05-09,364627678,108.27
2006-05-08,364539426,108.25
2006-05-07,364450103,108.22
2006-05-06,364489210,108.24
2006-05-05,364589558,108.22
2006-05-04,364596653,108.22
2006-05-03,363753864,108.20
2006-05-02,363746501,108.22
2006-05-01,362928570,107.83
2006-04-30,362866006,107.82
2006-04-29,363330155,108.11
2006-04-28,360951751,106.77
2006-04-27,360847044,106.75
2006-04-26,360806495,106.74
2006-04-25,360535044,106.68
2006-04-24,360446071,106.83
2006-04-23,357958922,105.53
2006-04-22,357867798,105.51
2006-04-21,358361656,105.61
2006-04-20,358536938,105.68
2006-04-19,357823230,105.73
2006-04-18,357507075,105.77
2006-04-17,357652045,105.89
2006-04-16,355722729,105.24
2006-04-15,355630869,105.21
2006-04-14,355666901,105.22
2006-04-13,355679838,105.22
2006-04-12,342620682,105.20
2006-04-11,342575959,105.19
2006-04-10,333165211,105.34
2006-04-09,331999551,104.56
2006-04-08,332148401,104.67
2006-04-07,331114572,104.09
2006-04-06,331014313,104.07
2006-04-05,330921400,104.05
2006-04-04,330760043,104.00
2006-04-03,330808017,104.13
2006-04-02,329617040,103.42
2006-04-01,329536756,103.42
2006-03-31,329494799,103.39
2006-03-30,329590186,103.49
2006-03-29,328690652,102.98
2006-03-28,328658916,102.95
2006-03-27,330904861,102.92
2006-03-26,330820579,102.90
2006-03-25,330732646,102.88
2006-03-24,330583113,102.84
2006-03-23,330211693,102.81
2006-03-22,330110544,102.78
2006-03-21,330106837,102.78
2006-03-20,330056195,102.86
2006-03-19,328167509,102.46
2006-03-18,328144203,102.44
2006-03-17,328073196,102.44
2006-03-16,315074310,102.44
2006-03-15,315090095,102.44
2006-03-14,315187533,102.44
2006-03-13,314094891,102.44
2006-03-12,314087416,102.51
2006-03-11,314004107,102.49
2006-03-10,313987458,102.49
2006-03-09,313902520,102.47
2006-03-08,313808926,102.45
2006-03-07,313762295,102.44
2006-03-06,313868142,102.50
2006-03-05,312934279,102.01
2006-03-04,312850105,101.99
2006-03-03,312825651,101.98
2006-03-02,312784238,101.97
2006-03-01,312755457,101.96
2006-02-28,312865628,102.05
2006-02-27,311740673,101.55
2006-02-26,311841049,101.52
2006-02-25,311766561,101.50
2006-02-24,311787036,101.50
2006-02-23,312021338,101.50
2006-02-22,314133542,101.47
2006-02-21,314064307,101.45
2006-02-20,314016832,101.44
2006-02-19,298502799,101.27
2006-02-18,298423140,101.25
2006-02-17,298318597,101.24
2006-02-16,296445212,101.23
2006-02-15,296432735,101.22
2006-02-14,296410656,101.21
2006-02-13,296272014,101.20
2006-02-12,315059146,101.25
2006-02-11,314989672,101.23
2006-02-10,314984797,101.23
2006-02-09,313037376,101.24
2006-02-08,312925560,101.21
2006-02-07,314639882,101.16
2006-02-06,314700953,101.13
2006-02-05,314485180,101.09
2006-02-04,314421220,101.07
2006-02-03,314385441,101.07
2006-02-02,314486300,101.06
2006-02-01,314480090,101.05
2006-01-31,313317410,101.18
2006-01-30,313421644,101.19
2006-01-29,294305712,101.11
2006-01-28,294235207,101.09
2006-01-27,294229595,101.10
2006-01-26,314816430,101.24
2006-01-25,313896107,100.63
2006-01-24,313885809,100.62
2006-01-23,313916404,100.62
2006-01-22,314232730,100.67
2006-01-21,314159919,100.65
2006-01-20,314059108,100.68
2006-01-19,313724206,100.49
2006-01-18,313815975,100.48
2006-01-17,313167869,100.48
2006-01-16,313094294,100.46
2006-01-15,312812320,100.42
2006-01-14,312768571,100.41
2006-01-13,312716459,100.39
2006-01-12,312687704,100.38
2006-01-11,310374835,100.36
2006-01-10,310315132,100.34
2006-01-09,310197628,100.31
2006-01-08,309497629,100.18
2006-01-07,309425035,100.16
2006-01-06,309342780,100.14
2006-01-05,309263263,100.12
2006-01-04,309005944,100.11
2006-01-03,308569477,100.02
2006-01-02,308496837,100.00
2006-01-01,119820706,
2005-12-31,119827048,
2005-12-30,119831848,
2005-12-29,109201572,
2005-12-28,109177945,
2005-12-27,109153882,
2005-12-26,109163877,
2005-12-25,108992374,
2005-12-24,108972492,
2005-12-23,108948178,
2005-12-22,108932476,
2005-12-21,108913895,
2005-12-20,108945075,
2005-12-19,108736550,
2005-12-18,108715724,
2005-12-17,108695136,
2005-12-16,108673595,
2005-12-15,108655866,
2005-12-14,108641914,
2005-12-13,108621145,
2005-12-12,108660775,
2005-12-11,108412775,
2005-12-10,108391950,
2005-12-09,108371299,
2005-12-08,108348142,
2005-12-07,108334612,
2005-12-06,108304695,
2005-12-05,108313164,
2005-12-04,108154141,
2005-12-03,108131883,
2005-12-02,108119982,
2005-12-01,108124417,
2005-11-30,108239202,
2005-11-29,107675840,
2005-11-28,107664722,
2005-11-27,107592098,
2005-11-26,107572954,
2005-11-25,107552148,
2005-11-24,107527272,
2005-11-23,107509753,
2005-11-22,107491374,
2005-11-21,107476507,
2005-11-20,107436807,
2005-11-19,107416196,
2005-11-18,107405925,
2005-11-17,107388683,
2005-11-16,107367352,
2005-11-15,107348171,
2005-11-14,107332816,
2005-11-13,107314568,
2005-11-12,107295370,
2005-11-11,107274753,
2005-11-10,107260589,
2005-11-09,107240565,
2005-11-08,107214416,
2005-11-07,107184538,
2005-11-06,107218822,
2005-11-05,107199957,
2005-11-04,107178026,
2005-11-03,107393032,
2005-11-02,106417793,
2005-11-01,106418032,
2005-10-31,106432631,
2005-10-30,106460043,
2005-10-29,106441009,
2005-10-28,106419452,
2005-10-27,106683240,
2005-10-26,106661701,
2005-10-25,106703438,
2005-10-24,106682779,
2005-10-23,106662119,
2005-10-22,106637523,
2005-10-21,106630415,
2005-10-20,106606446,
2005-10-19,106600989,
2005-10-18,106573335,
2005-10-17,106545248,
2005-10-16,106576945,
2005-10-15,106556285,
2005-10-14,106533440,
2005-10-13,106507975,
2005-10-12,106487315,
2005-10-11,106463600,
2005-10-10,106441582,
2005-10-09,106398479,
2005-10-08,106377818,
2005-10-07,106355412,
2005-10-06,106338676,
2005-10-05,105998692,
2005-10-04,105981195,
2005-10-03,105968053,
2005-10-02,105959208,
2005-10-01,105940401,
2005-09-30,105946957,
2005-09-29,105606674,
2005-09-28,105589920,
2005-09-27,105569684,
2005-09-26,105538148,
2005-09-25,105520101,
2005-09-24,105496824,
2005-09-23,105474850,
2005-09-22,105454194,
2005-09-21,105435378,
2005-09-20,105216455,
2005-09-19,105188922,
2005-09-18,105123183,
2005-09-17,105102159,
2005-09-16,105080275,
2005-09-15,105066444,
2005-09-14,105049646,
2005-09-13,105066429,
2005-09-12,105055340,
2005-09-11,105025975,
2005-09-10,105010443,
2005-09-09,104995337,
2005-09-08,104980372,
2005-09-07,104969243,
2005-09-06,104994145,
2005-09-05,49990000,
2005-09-04,49990000,
2005-09-03,49990000,
2005-09-02,49990000,
